﻿<?xml version="1.0" encoding="utf-8"?>
<cms.contentitemlanguagemetadata>
  <ContentItemLanguageMetadataContentItemID>
    <CodeName>HarioSkertonHandGrinder-4m1ejy4l</CodeName>
    <GUID>a9689fb8-e06f-4363-9aa1-b5c1b427a0ee</GUID>
    <ObjectType>cms.contentitem</ObjectType>
  </ContentItemLanguageMetadataContentItemID>
  <ContentItemLanguageMetadataContentLanguageID>
    <CodeName>en</CodeName>
    <GUID>e4a8fb12-ebc2-45d0-930f-c9fba2780c85</GUID>
    <ObjectType>cms.contentlanguage</ObjectType>
  </ContentItemLanguageMetadataContentLanguageID>
  <ContentItemLanguageMetadataCreatedByUserID>
    <CodeName>administrator</CodeName>
    <GUID>6415b8ce-8072-4bcd-8e48-9d7178b826b7</GUID>
    <ObjectType>cms.user</ObjectType>
  </ContentItemLanguageMetadataCreatedByUserID>
  <ContentItemLanguageMetadataCreatedWhen>2025-02-03 14:37:13Z</ContentItemLanguageMetadataCreatedWhen>
  <ContentItemLanguageMetadataDisplayName>Hario Skerton Hand Grinder</ContentItemLanguageMetadataDisplayName>
  <ContentItemLanguageMetadataGUID>af5c466d-fcc5-4f25-bc80-520792ec5cbd</ContentItemLanguageMetadataGUID>
  <ContentItemLanguageMetadataHasImageAsset>False</ContentItemLanguageMetadataHasImageAsset>
  <ContentItemLanguageMetadataLatestVersionStatus>2</ContentItemLanguageMetadataLatestVersionStatus>
  <ContentItemLanguageMetadataModifiedByUserID>
    <CodeName>administrator</CodeName>
    <GUID>6415b8ce-8072-4bcd-8e48-9d7178b826b7</GUID>
    <ObjectType>cms.user</ObjectType>
  </ContentItemLanguageMetadataModifiedByUserID>
  <ContentItemTags>
    <cms.contentitemtag>
      <ContentItemTagContentItemLanguageMetadataID>
        <GUID>af5c466d-fcc5-4f25-bc80-520792ec5cbd</GUID>
        <ObjectType>cms.contentitemlanguagemetadata</ObjectType>
      </ContentItemTagContentItemLanguageMetadataID>
      <ContentItemTagFieldGUID>a3b6d816-b57b-4e96-bd98-3afdff882619</ContentItemTagFieldGUID>
      <ContentItemTagTagGUID>2fe7ed0f-2204-44c5-bcd2-3be0721b19c1</ContentItemTagTagGUID>
    </cms.contentitemtag>
    <cms.contentitemtag>
      <ContentItemTagContentItemLanguageMetadataID>
        <GUID>af5c466d-fcc5-4f25-bc80-520792ec5cbd</GUID>
        <ObjectType>cms.contentitemlanguagemetadata</ObjectType>
      </ContentItemTagContentItemLanguageMetadataID>
      <ContentItemTagFieldGUID>cea0a90d-d3f3-4f99-a9a3-c2c83821ba50</ContentItemTagFieldGUID>
      <ContentItemTagTagGUID>c33dd46a-0896-4920-b326-7e80659f7600</ContentItemTagTagGUID>
    </cms.contentitemtag>
    <cms.contentitemtag>
      <ContentItemTagContentItemLanguageMetadataID>
        <GUID>af5c466d-fcc5-4f25-bc80-520792ec5cbd</GUID>
        <ObjectType>cms.contentitemlanguagemetadata</ObjectType>
      </ContentItemTagContentItemLanguageMetadataID>
      <ContentItemTagFieldGUID>cfe7eb93-1275-4b7c-a6ab-fa48cc14d052</ContentItemTagFieldGUID>
      <ContentItemTagTagGUID>887ff3b9-3b62-4382-91f1-ece3be3d2fc8</ContentItemTagTagGUID>
    </cms.contentitemtag>
  </ContentItemTags>
</cms.contentitemlanguagemetadata>