﻿<?xml version="1.0" encoding="utf-8"?>
<cms.contentitemlanguagemetadata>
  <ContentItemLanguageMetadataContentItemID>
    <CodeName>MazzerSuperJollyDR-owwiurdz</CodeName>
    <GUID>acbdb61f-0fd8-4fd7-b57e-cc577cd0164a</GUID>
    <ObjectType>cms.contentitem</ObjectType>
  </ContentItemLanguageMetadataContentItemID>
  <ContentItemLanguageMetadataContentLanguageID>
    <CodeName>en</CodeName>
    <GUID>e4a8fb12-ebc2-45d0-930f-c9fba2780c85</GUID>
    <ObjectType>cms.contentlanguage</ObjectType>
  </ContentItemLanguageMetadataContentLanguageID>
  <ContentItemLanguageMetadataCreatedByUserID>
    <CodeName>administrator</CodeName>
    <GUID>6415b8ce-8072-4bcd-8e48-9d7178b826b7</GUID>
    <ObjectType>cms.user</ObjectType>
  </ContentItemLanguageMetadataCreatedByUserID>
  <ContentItemLanguageMetadataCreatedWhen>2025-02-03 14:36:06Z</ContentItemLanguageMetadataCreatedWhen>
  <ContentItemLanguageMetadataDisplayName>Mazzer Super Jolly DR</ContentItemLanguageMetadataDisplayName>
  <ContentItemLanguageMetadataGUID>092f0dc2-f1f3-45ea-8786-ec1cbdba554a</ContentItemLanguageMetadataGUID>
  <ContentItemLanguageMetadataHasImageAsset>False</ContentItemLanguageMetadataHasImageAsset>
  <ContentItemLanguageMetadataLatestVersionStatus>2</ContentItemLanguageMetadataLatestVersionStatus>
  <ContentItemLanguageMetadataModifiedByUserID>
    <CodeName>administrator</CodeName>
    <GUID>6415b8ce-8072-4bcd-8e48-9d7178b826b7</GUID>
    <ObjectType>cms.user</ObjectType>
  </ContentItemLanguageMetadataModifiedByUserID>
  <ContentItemTags>
    <cms.contentitemtag>
      <ContentItemTagContentItemLanguageMetadataID>
        <GUID>092f0dc2-f1f3-45ea-8786-ec1cbdba554a</GUID>
        <ObjectType>cms.contentitemlanguagemetadata</ObjectType>
      </ContentItemTagContentItemLanguageMetadataID>
      <ContentItemTagFieldGUID>cea0a90d-d3f3-4f99-a9a3-c2c83821ba50</ContentItemTagFieldGUID>
      <ContentItemTagTagGUID>4c3bece5-3552-461c-b8f0-29f4fca27684</ContentItemTagTagGUID>
    </cms.contentitemtag>
    <cms.contentitemtag>
      <ContentItemTagContentItemLanguageMetadataID>
        <GUID>092f0dc2-f1f3-45ea-8786-ec1cbdba554a</GUID>
        <ObjectType>cms.contentitemlanguagemetadata</ObjectType>
      </ContentItemTagContentItemLanguageMetadataID>
      <ContentItemTagFieldGUID>a3b6d816-b57b-4e96-bd98-3afdff882619</ContentItemTagFieldGUID>
      <ContentItemTagTagGUID>2fe7ed0f-2204-44c5-bcd2-3be0721b19c1</ContentItemTagTagGUID>
    </cms.contentitemtag>
    <cms.contentitemtag>
      <ContentItemTagContentItemLanguageMetadataID>
        <GUID>092f0dc2-f1f3-45ea-8786-ec1cbdba554a</GUID>
        <ObjectType>cms.contentitemlanguagemetadata</ObjectType>
      </ContentItemTagContentItemLanguageMetadataID>
      <ContentItemTagFieldGUID>a3b6d816-b57b-4e96-bd98-3afdff882619</ContentItemTagFieldGUID>
      <ContentItemTagTagGUID>6aafec28-dabc-4090-bf59-b9c1ba62dd24</ContentItemTagTagGUID>
    </cms.contentitemtag>
  </ContentItemTags>
</cms.contentitemlanguagemetadata>