﻿<?xml version="1.0" encoding="utf-8"?>
<cms.contentitemlanguagemetadata>
  <ContentItemLanguageMetadataContentItemID>
    <CodeName>KenyaGakuyuniAA-j2ujcs2m</CodeName>
    <GUID>f284c286-b6d7-48b8-8241-72f27555f31e</GUID>
    <ObjectType>cms.contentitem</ObjectType>
  </ContentItemLanguageMetadataContentItemID>
  <ContentItemLanguageMetadataContentLanguageID>
    <CodeName>en</CodeName>
    <GUID>e4a8fb12-ebc2-45d0-930f-c9fba2780c85</GUID>
    <ObjectType>cms.contentlanguage</ObjectType>
  </ContentItemLanguageMetadataContentLanguageID>
  <ContentItemLanguageMetadataCreatedByUserID>
    <CodeName>administrator</CodeName>
    <GUID>6415b8ce-8072-4bcd-8e48-9d7178b826b7</GUID>
    <ObjectType>cms.user</ObjectType>
  </ContentItemLanguageMetadataCreatedByUserID>
  <ContentItemLanguageMetadataCreatedWhen>2025-02-03 14:10:59Z</ContentItemLanguageMetadataCreatedWhen>
  <ContentItemLanguageMetadataDisplayName>Kenya Gakuyuni AA</ContentItemLanguageMetadataDisplayName>
  <ContentItemLanguageMetadataGUID>6ba3e846-4ed5-49aa-a724-f3c8f153bffc</ContentItemLanguageMetadataGUID>
  <ContentItemLanguageMetadataHasImageAsset>False</ContentItemLanguageMetadataHasImageAsset>
  <ContentItemLanguageMetadataLatestVersionStatus>2</ContentItemLanguageMetadataLatestVersionStatus>
  <ContentItemLanguageMetadataModifiedByUserID>
    <CodeName>administrator</CodeName>
    <GUID>6415b8ce-8072-4bcd-8e48-9d7178b826b7</GUID>
    <ObjectType>cms.user</ObjectType>
  </ContentItemLanguageMetadataModifiedByUserID>
  <ContentItemTags>
    <cms.contentitemtag>
      <ContentItemTagContentItemLanguageMetadataID>
        <GUID>6ba3e846-4ed5-49aa-a724-f3c8f153bffc</GUID>
        <ObjectType>cms.contentitemlanguagemetadata</ObjectType>
      </ContentItemTagContentItemLanguageMetadataID>
      <ContentItemTagFieldGUID>cea0a90d-d3f3-4f99-a9a3-c2c83821ba50</ContentItemTagFieldGUID>
      <ContentItemTagTagGUID>cfe8a882-9424-4d03-81a6-a941fd559cde</ContentItemTagTagGUID>
    </cms.contentitemtag>
  </ContentItemTags>
</cms.contentitemlanguagemetadata>