﻿<?xml version="1.0" encoding="utf-8"?>
<cms.contentitem>
  <ContentItemContentFolderID>
    <CodeName>Root-DancingGoat.DancingGoatCommerce</CodeName>
    <GUID>0fed3213-91dd-459d-ac4d-27f9cca1e3e4</GUID>
    <ObjectType>cms.contentfolder</ObjectType>
  </ContentItemContentFolderID>
  <ContentItemContentTypeID>
    <CodeName>DancingGoat.Image</CodeName>
    <GUID>fd1947a4-e04b-441b-a76c-1ed826fb766e</GUID>
    <ObjectType>cms.contenttype</ObjectType>
  </ContentItemContentTypeID>
  <ContentItemGUID>43b727a5-1353-4fd8-83b1-ca3e17a001ba</ContentItemGUID>
  <ContentItemIsReusable>True</ContentItemIsReusable>
  <ContentItemIsSecured>False</ContentItemIsSecured>
  <ContentItemName>DancingGoatCupClassicCottonT-Shirt-e7hedsto</ContentItemName>
  <ContentItemWorkspaceID>
    <CodeName>DancingGoat.DancingGoatCommerce</CodeName>
    <GUID>83f1d3be-89d2-4cb2-9ff4-80890517b58e</GUID>
    <ObjectType>cms.workspace</ObjectType>
  </ContentItemWorkspaceID>
</cms.contentitem>