﻿<?xml version="1.0" encoding="utf-8"?>
<cms.contentitemcommondata>
  <ContentItemCommonDataContentItemID>
    <CodeName>BostonCoffeePlace-034jwdxo</CodeName>
    <GUID>4c84719d-689e-460e-8cc1-5495c367b249</GUID>
    <ObjectType>cms.contentitem</ObjectType>
  </ContentItemCommonDataContentItemID>
  <ContentItemCommonDataContentLanguageID>
    <CodeName>en</CodeName>
    <GUID>e4a8fb12-ebc2-45d0-930f-c9fba2780c85</GUID>
    <ObjectType>cms.contentlanguage</ObjectType>
  </ContentItemCommonDataContentLanguageID>
  <ContentItemCommonDataFirstPublishedWhen>2024-09-23 10:30:27Z</ContentItemCommonDataFirstPublishedWhen>
  <ContentItemCommonDataGUID>c3274983-ae81-496b-81d8-2528f4296802</ContentItemCommonDataGUID>
  <ContentItemCommonDataIsLatest>True</ContentItemCommonDataIsLatest>
  <ContentItemCommonDataLastPublishedWhen>2024-09-23 10:30:27Z</ContentItemCommonDataLastPublishedWhen>
  <ContentItemCommonDataVersionStatus>2</ContentItemCommonDataVersionStatus>
  <ProductFieldCategory />
  <ContentItemReferences>
    <cms.contentitemreference>
      <ContentItemReferenceGroupGUID>1e4c0c62-4056-4acd-ac2e-d96ba01adff7</ContentItemReferenceGroupGUID>
      <ContentItemReferenceGUID>32ca3b28-9965-450c-be4d-46107956cfdc</ContentItemReferenceGUID>
      <ContentItemReferenceSourceCommonDataID>
        <GUID>c3274983-ae81-496b-81d8-2528f4296802</GUID>
        <ObjectType>cms.contentitemcommondata</ObjectType>
      </ContentItemReferenceSourceCommonDataID>
      <ContentItemReferenceTargetItemID>
        <CodeName>Cafes_Boston_2x.png-ook06kfb</CodeName>
        <GUID>224f43c1-e456-4dfe-af12-ad151c19d0d6</GUID>
        <ObjectType>cms.contentitem</ObjectType>
      </ContentItemReferenceTargetItemID>
    </cms.contentitemreference>
  </ContentItemReferences>
</cms.contentitemcommondata>