﻿<?xml version="1.0" encoding="utf-8"?>
<cms.contentitemlanguagemetadata>
  <ContentItemLanguageMetadataContentItemID>
    <CodeName>MacapM2D-uilqz00o</CodeName>
    <GUID>beda260f-dd0c-4d4c-b8e2-ec93d48c9f07</GUID>
    <ObjectType>cms.contentitem</ObjectType>
  </ContentItemLanguageMetadataContentItemID>
  <ContentItemLanguageMetadataContentLanguageID>
    <CodeName>en</CodeName>
    <GUID>e4a8fb12-ebc2-45d0-930f-c9fba2780c85</GUID>
    <ObjectType>cms.contentlanguage</ObjectType>
  </ContentItemLanguageMetadataContentLanguageID>
  <ContentItemLanguageMetadataCreatedByUserID>
    <CodeName>administrator</CodeName>
    <GUID>6415b8ce-8072-4bcd-8e48-9d7178b826b7</GUID>
    <ObjectType>cms.user</ObjectType>
  </ContentItemLanguageMetadataCreatedByUserID>
  <ContentItemLanguageMetadataCreatedWhen>2025-02-03 14:31:09Z</ContentItemLanguageMetadataCreatedWhen>
  <ContentItemLanguageMetadataDisplayName>Macap M2D</ContentItemLanguageMetadataDisplayName>
  <ContentItemLanguageMetadataGUID>abc96dc7-f40f-4ead-a419-572983836766</ContentItemLanguageMetadataGUID>
  <ContentItemLanguageMetadataHasImageAsset>False</ContentItemLanguageMetadataHasImageAsset>
  <ContentItemLanguageMetadataLatestVersionStatus>2</ContentItemLanguageMetadataLatestVersionStatus>
  <ContentItemLanguageMetadataModifiedByUserID>
    <CodeName>administrator</CodeName>
    <GUID>6415b8ce-8072-4bcd-8e48-9d7178b826b7</GUID>
    <ObjectType>cms.user</ObjectType>
  </ContentItemLanguageMetadataModifiedByUserID>
  <ContentItemTags>
    <cms.contentitemtag>
      <ContentItemTagContentItemLanguageMetadataID>
        <GUID>abc96dc7-f40f-4ead-a419-572983836766</GUID>
        <ObjectType>cms.contentitemlanguagemetadata</ObjectType>
      </ContentItemTagContentItemLanguageMetadataID>
      <ContentItemTagFieldGUID>cea0a90d-d3f3-4f99-a9a3-c2c83821ba50</ContentItemTagFieldGUID>
      <ContentItemTagTagGUID>c33dd46a-0896-4920-b326-7e80659f7600</ContentItemTagTagGUID>
    </cms.contentitemtag>
  </ContentItemTags>
</cms.contentitemlanguagemetadata>